{"cameraMode":{"drawMode":0,"name":"Shaded","section":"Shading Mode"},"sceneLighting":false,"audioPlay":false,"sceneViewState":{"showFog":true,"showMaterialUpdate":false,"showSkybox":false,"showFlares":true,"showImageEffects":true,"showParticleSystems":true,"showVisualEffectGraphs":true,"m_FxEnabled":true},"in2DMode":false,"pivot":{"x":2.2792487144470217,"y":1.1884303092956544,"z":-1.874998688697815},"rotation":{"x":0.2668788433074951,"y":0.42045557498931887,"z":-0.13089732825756074,"w":0.8572505116462708},"size":0.40165865421295168,"orthographic":false}