{"cameraMode":{"drawMode":0,"name":"Shaded","section":"Shading Mode"},"sceneLighting":false,"audioPlay":false,"sceneViewState":{"showFog":true,"showMaterialUpdate":false,"showSkybox":false,"showFlares":true,"showImageEffects":true,"showParticleSystems":true,"showVisualEffectGraphs":true,"m_FxEnabled":true},"in2DMode":false,"pivot":{"x":-10.303885459899903,"y":17.981121063232423,"z":-11.712753295898438},"rotation":{"x":-0.002516460604965687,"y":-0.9930943250656128,"z":0.1155276894569397,"w":-0.021743817254900934},"size":89.75469970703125,"orthographic":false}