{"cameraMode":{"drawMode":0,"name":"Shaded","section":"Shading Mode"},"sceneLighting":true,"audioPlay":false,"sceneViewState":{"showFog":true,"showMaterialUpdate":false,"showSkybox":true,"showFlares":true,"showImageEffects":true,"showParticleSystems":true,"showVisualEffectGraphs":true,"m_FxEnabled":true},"in2DMode":false,"pivot":{"x":-155.21624755859376,"y":16.295764923095704,"z":1589.8638916015625},"rotation":{"x":0.002688139444217086,"y":0.050941016525030139,"z":0.0001154165220214054,"w":-0.9987566471099854},"size":831.0416259765625,"orthographic":false}