{"cameraMode":{"drawMode":0,"name":"Shaded","section":"Shading Mode"},"sceneLighting":false,"audioPlay":false,"sceneViewState":{"showFog":true,"showMaterialUpdate":false,"showSkybox":false,"showFlares":true,"showImageEffects":true,"showParticleSystems":true,"showVisualEffectGraphs":true,"m_FxEnabled":true},"in2DMode":false,"pivot":{"x":4.27906608581543,"y":10.902860641479493,"z":-80.11488342285156},"rotation":{"x":0.000036206805816618726,"y":-0.9999996423721314,"z":0.0078102960251271729,"w":0.003926962614059448},"size":38.48724365234375,"orthographic":false}