{"cameraMode":{"drawMode":0,"name":"Shaded","section":"Shading Mode"},"sceneLighting":false,"audioPlay":false,"sceneViewState":{"showFog":true,"showMaterialUpdate":false,"showSkybox":false,"showFlares":true,"showImageEffects":true,"showParticleSystems":true,"showVisualEffectGraphs":true,"m_FxEnabled":true},"in2DMode":false,"pivot":{"x":0.05607309937477112,"y":0.014680624008178711,"z":-0.027093887329101564},"rotation":{"x":0.18356209993362428,"y":0.045687295496463779,"z":-0.008540562354028225,"w":0.9819153547286987},"size":1.1931416988372803,"orthographic":false}