{"cameraMode":{"drawMode":0,"name":"Shaded","section":"Shading Mode"},"sceneLighting":false,"audioPlay":false,"sceneViewState":{"showFog":true,"showMaterialUpdate":false,"showSkybox":false,"showFlares":true,"showImageEffects":true,"showParticleSystems":true,"showVisualEffectGraphs":true,"m_FxEnabled":true},"in2DMode":false,"pivot":{"x":2.2950236797332765,"y":-0.07250809669494629,"z":10.215754508972168},"rotation":{"x":-0.0018481385195627809,"y":0.9834792017936707,"z":-0.1808025985956192,"w":-0.010030166245996952},"size":3.223205327987671,"orthographic":false}